{
  "prediction": {
    "mean": 37.2,
    "std": 8.26,
    "ci_95_lo": 21.12,
    "ci_95_hi": 52.69,
    "ci_68_lo": 28.35,
    "ci_68_hi": 45.55,
    "confidence": "LOW",
    "samples": [
      26.585765838623047,
      39.8240966796875,
      39.87074661254883,
      33.81815719604492,
      39.418052673339844,
      34.72047805786133,
      45.329105377197266,
      34.64861297607422,
      26.11461067199707,
      46.43083953857422,
      36.24513244628906,
      55.464542388916016,
      39.61021423339844,
      39.45158767700195,
      51.81845474243164,
      33.70100402832031,
      46.39131164550781,
      45.254905700683594,
      27.35338020324707,
      47.630611419677734,
      39.880367279052734,
      42.55183410644531,
      38.12147903442383,
      34.74878692626953,
      29.41297721862793,
      39.643157958984375,
      58.68223190307617,
      43.043861389160156,
      26.281158447265625,
      33.57321548461914,
      36.301475524902344,
      49.77586364746094,
      24.692384719848633,
      44.64502716064453,
      44.21099853515625,
      48.16767120361328,
      36.139915466308594,
      47.77057647705078,
      32.524864196777344,
      40.14145278930664,
      34.05299758911133,
      29.475400924682617,
      37.609107971191406,
      38.71653747558594,
      24.23609733581543,
      32.93988037109375,
      38.728309631347656,
      33.632415771484375,
      45.37501525878906,
      44.75074768066406,
      39.91496276855469,
      16.975034713745117,
      31.02788543701172,
      23.506431579589844,
      34.49052429199219,
      28.385866165161133,
      32.298526763916016,
      43.19900131225586,
      35.59110641479492,
      30.80500602722168,
      18.95354652404785,
      50.625511169433594,
      35.343692779541016,
      48.70029830932617,
      34.285823822021484,
      30.924592971801758,
      33.61357116699219,
      43.642887115478516,
      40.425025939941406,
      53.469844818115234,
      26.20966148376465,
      28.159141540527344,
      28.179706573486328,
      35.89292526245117,
      47.44049835205078,
      47.602447509765625,
      32.83759307861328,
      45.50944519042969,
      34.87006759643555,
      40.23130798339844,
      44.190467834472656,
      38.98267364501953,
      51.55259323120117,
      34.69272232055664,
      40.569244384765625,
      33.53748321533203,
      45.755489349365234,
      27.026378631591797,
      38.1494140625,
      37.894935607910156,
      25.438060760498047,
      32.75955581665039,
      18.031742095947266,
      32.591556549072266,
      37.19123840332031,
      37.83186340332031,
      40.35676956176758,
      27.28084945678711,
      33.22196960449219,
      29.968896865844727
    ],
    "n_samples": 100
  },
  "risk": {
    "prob_fail": 0.33,
    "prob_pass": 0.67,
    "risk_level": "MEDIUM",
    "color": "orange",
    "margin_mean": 2.8,
    "margin_std": 8.26,
    "limit": 40.0
  }
}